fullName,phone,email,citizenId
Vũ Xuân Phong,0531462717,vuxuanphong34@fpt.vn,969310286014
Hoàng Thanh Yến,0973025418,hoangthanhyen49@vnpt.vn,268415744671
Nguyễn Hải Dũng,0775940681,nguyenhaidung78@gmail.com,917322562296
Đỗ Ngọc Hưng,0323011683,đongochung18@vnpt.vn,491000050929
Đặng Văn Cường,0883355463,đangvancuong11@outlook.com,682746345976
Hoàng Thu Mai,0924982393,hoangthumai68@gmail.com,957228219547
Vũ Minh Linh,0892850101,vuminhlinh19@fpt.vn,843607743117
Vũ Hoài Nam,0704380840,vuhoainam34@hotmail.com,514287114086
Nguyễn Thu Hưng,0918110370,nguyenthuhung57@yahoo.com,779287682047
Phạm Thị Yến,0951858813,phamthiyen16@fpt.vn,722280510304
Phan Thanh Uyên,0525079762,phanthanhuyen90@yahoo.com,989180283888
Hoàng Tuấn Mai,0752452024,hoangtuanmai45@hotmail.com,823254111209
Phan Văn Linh,0709896909,phanvanlinh32@hotmail.com,433441722113
Huỳnh Thu Cường,0980881377,huynhthucuong31@fpt.vn,685998964430
Lê Minh Cường,0331865606,leminhcuong98@yahoo.com,149943548962
Huỳnh Văn Phương,0994135340,huynhvanphuong61@outlook.com,151053233150
Đặng Thị Cường,0868748447,đangthicuong47@yahoo.com,240340610276
Đỗ Quang Phương,0730352773,đoquangphuong90@hotmail.com,171196806940
Phan Thị Sơn,0936982080,phanthison4@hotmail.com,009990992272
Bùi Minh Giang,0870631946,buiminhgiang81@yahoo.com,639658011069
Bùi Hoài Trang,0586522255,buihoaitrang75@vnpt.vn,838678657559
Vũ Thanh Dũng,0972027080,vuthanhdung14@vnpt.vn,936708684124
Võ Xuân Trang,0305988875,voxuantrang87@yahoo.com,841305522346
Võ Văn Giang,0978016784,vovangiang97@hotmail.com,259504996951
Ngô Minh Mai,0733326008,ngominhmai98@gmail.com,753009757729
Phan Minh Phong,0340402961,phanminhphong54@fpt.vn,497468073144
Hồ Văn Em,0390149670,hovanem46@vnpt.vn,188885737834
Nguyễn Xuân Nam,0919482595,nguyenxuannam28@yahoo.com,084660229146
Hồ Thanh Uyên,0358310446,hothanhuyen25@yahoo.com,974332234361
Hồ Ngọc Hưng,0926954802,hongochung91@hotmail.com,408313602459
Nguyễn Hải Sơn,0822414157,nguyenhaison22@vnpt.vn,614608607862
Đỗ Hải An,0359095235,đohaian89@fpt.vn,901523352238
Trần Hải Linh,0879578880,tranhailinh11@fpt.vn,026346806820
Trần Quang Linh,0925981756,tranquanglinh53@vnpt.vn,695365438565
Đặng Hải Hưng,0391221197,đanghaihung48@yahoo.com,490713937552
Vũ Hữu Oanh,0716231715,vuhuuoanh45@outlook.com,249326668119
Bùi Thị Linh,0975453666,buithilinh4@fpt.vn,552329575964
Hồ Tuấn Quân,0355586536,hotuanquan87@hotmail.com,269837644262
Huỳnh Văn Dũng,0865529465,huynhvandung75@hotmail.com,712299669517
Võ Xuân Nam,0347934592,voxuannam54@hotmail.com,761520359603
Ngô Đức An,0581958414,ngođucan30@vnpt.vn,360302853678
Huỳnh Thu Sơn,0861310907,huynhthuson74@fpt.vn,438672616295
Lý Thị Oanh,0891876074,lythioanh34@outlook.com,815292115499
Hồ Hoài Phương,0520731395,hohoaiphuong17@outlook.com,739185342106
Phan Thanh Linh,0517069639,phanthanhlinh95@vnpt.vn,085172329508
Nguyễn Thu Vinh,0935587855,nguyenthuvinh58@outlook.com,824952363253
Lê Xuân Em,0986188437,lexuanem31@outlook.com,714279758696
Lý Ngọc Quân,0933826774,lyngocquan59@outlook.com,736348188095
Đặng Thu Hà,0376856874,đangthuha2@yahoo.com,463588620076
Bùi Hải Quân,0840433398,buihaiquan78@yahoo.com,178954820227
